{
  "ID": "A2bd4fbacda4041f3a7fe22b33e79a99b",
  "ActionKeyword": "office: ",
  "IsGlobal": false,
  "Name": "OfficeSearch",
  "Author": "Mehul Tahiliani",
  "Version": "1.0.0",
  "Language": "csharp",
  "Website": "https://github.com/DaDevFox/Powertoys-Excel-Search",
  "ExecuteFileName": "Community.PowerToys.Run.Plugin.OfficeSearch.dll",
  "IcoPathDark": "Images\\ExcelLogoSmall.contrast-white_scale-180.png",
  "IcoPathLight": "Images\\ExcelLogoSmall.contrast-black_scale-180.png",
  "DynamicLoading": false
}
